open,high,low,close,volume,vwap,timestamp,transactions,otc
106.05,107.32,105.36,106.78,21410908.0,106.6004,2023-04-24 04:00:00,203066,
106.61,107.44,104.56,104.61,31405059.0,106.0205,2023-04-25 04:00:00,320039,
105.56,107.02,103.27,104.45,37027268.0,105.045,2023-04-26 04:00:00,396580,
105.23,109.15,104.42,108.37,38230420.0,107.9371,2023-04-27 04:00:00,348389,
107.8,108.29,106.04,108.22,23957872.0,107.5516,2023-04-28 04:00:00,227071,
107.72,108.68,107.5,107.71,20926259.0,107.9752,2023-05-01 04:00:00,194984,
107.66,107.73,104.5,105.98,20343116.0,106.0089,2023-05-02 04:00:00,211076,
106.22,108.13,105.62,106.12,17116333.0,106.592,2023-05-03 04:00:00,198128,
106.16,106.3,104.7,105.21,19780637.0,105.4847,2023-05-04 04:00:00,246918,
105.32,106.44,104.7386,106.215,20710627.0,105.7624,2023-05-05 04:00:00,216693,
105.795,108.42,105.79,108.24,17266021.0,107.6016,2023-05-08 04:00:00,195916,
108.78,110.595,107.725,107.94,24782442.0,108.9356,2023-05-09 04:00:00,290070,
108.55,113.51,108.48,112.28,47521463.0,111.0469,2023-05-10 04:00:00,553267,
115.86,118.44,114.9301,116.9,57114613.0,117.2496,2023-05-11 04:00:00,681159,
117.0,118.26,116.55,117.92,31293778.0,117.4618,2023-05-12 04:00:00,349221,
116.49,118.795,116.48,116.96,22107865.0,117.3948,2023-05-15 04:00:00,299114,
116.83,121.2,116.83,120.09,32370113.0,119.7844,2023-05-16 04:00:00,370876,
120.18,122.28,119.46,121.48,26659564.0,120.9044,2023-05-17 04:00:00,288047,
121.56,123.9,121.49,123.52,27014468.0,122.9645,2023-05-18 04:00:00,322016,
124.2,126.479,122.72,123.25,30268864.0,123.8659,2023-05-19 04:00:00,364383,
123.51,127.05,123.45,125.87,29760236.0,125.9081,2023-05-22 04:00:00,330978,
124.93,125.42,123.05,123.29,24477945.0,124.099,2023-05-23 04:00:00,265238,
121.88,122.7499,120.75,121.64,23087925.0,121.7088,2023-05-24 04:00:00,263225,
125.21,125.98,122.9,124.35,33812730.0,124.4922,2023-05-25 04:00:00,357967,
124.065,126.0,123.29,125.43,25169036.0,125.1676,2023-05-26 04:00:00,245416,
126.29,126.38,122.89,124.64,27230726.0,124.529,2023-05-30 04:00:00,329777,
123.7,124.9,123.1,123.37,41548759.0,123.6419,2023-05-31 04:00:00,279493,
123.5,125.04,123.3,124.37,25017674.0,124.0531,2023-06-01 04:00:00,247877,
124.49,126.745,124.35,125.23,19367453.0,125.3646,2023-06-02 04:00:00,207794,
124.61,127.99,124.38,126.63,22672516.0,126.7919,2023-06-05 04:00:00,256609,
126.6,128.88,125.97,127.91,19450128.0,127.848,2023-06-06 04:00:00,220928,
127.575,129.55,122.63,122.94,34179348.0,124.2895,2023-06-07 04:00:00,298179,
122.585,123.73,122.01,122.67,24814996.0,122.7692,2023-06-08 04:00:00,255128,
122.56,124.285,122.42,122.87,20313676.0,123.2914,2023-06-09 04:00:00,209979,
123.395,124.75,122.35,124.35,22289632.0,123.6092,2023-06-12 04:00:00,208649,
125.65,125.86,123.845,124.43,19287650.0,124.6652,2023-06-13 04:00:00,207651,
123.8,124.79,122.16,124.38,24659620.0,123.8195,2023-06-14 04:00:00,256810,
123.88,126.16,123.14,125.79,24517071.0,124.9852,2023-06-15 04:00:00,224598,
126.7,126.7,123.79,124.06,56599200.0,124.6765,2023-06-16 04:00:00,236937,
123.535,125.175,122.83,123.85,22695528.0,123.8062,2023-06-20 04:00:00,208425,
123.235,123.41,120.86,121.26,22612002.0,121.6918,2023-06-21 04:00:00,212448,
120.66,123.935,119.6,123.87,20781888.0,122.3027,2023-06-22 04:00:00,218659,
122.04,123.44,121.86,123.02,29573123.0,122.8786,2023-06-23 04:00:00,214282,
121.4656,122.72,118.99,119.09,22822391.0,120.2248,2023-06-26 04:00:00,236245,
117.84,119.895,116.91,119.01,27222215.0,118.7017,2023-06-27 04:00:00,271095,
117.96,121.27,117.6,121.08,19753145.0,120.2944,2023-06-28 04:00:00,216992,
120.09,120.91,119.21,120.01,18517458.0,119.9927,2023-06-29 04:00:00,190231,
121.1,122.03,120.88,120.97,23871764.0,121.3002,2023-06-30 04:00:00,222377,
120.32,121.02,119.705,120.56,13888262.0,120.374,2023-07-03 04:00:00,150617,
120.06,123.37,120.06,122.63,17830347.0,122.4443,2023-07-05 04:00:00,205078,
120.64,121.1499,119.2499,120.93,17750181.0,120.4417,2023-07-06 04:00:00,192930,
120.89,121.75,120.09,120.14,20997665.0,120.8863,2023-07-07 04:00:00,202568,
119.07,119.07,116.64,116.87,32960078.0,117.3323,2023-07-10 04:00:00,331959,
116.76,118.225,115.83,117.71,18286571.0,117.43,2023-07-11 04:00:00,196623,
119.3,120.96,119.0,119.62,22059611.0,119.8107,2023-07-12 04:00:00,215311,
121.54,125.335,121.06,124.83,31535853.0,124.3071,2023-07-13 04:00:00,300457,
125.13,127.09,124.9,125.7,20499780.0,125.7791,2023-07-14 04:00:00,223959,
126.06,127.28,124.5,125.06,20675297.0,125.3239,2023-07-17 04:00:00,208573,
124.905,124.99,123.3,124.08,21071248.0,123.9981,2023-07-18 04:00:00,200319,
124.79,125.47,122.47,122.78,22313803.0,123.5633,2023-07-19 04:00:00,248385,
122.12,124.7,118.685,119.53,27541711.0,120.8341,2023-07-20 04:00:00,295346,
120.87,121.3,119.07,120.31,56474645.0,120.2407,2023-07-21 04:00:00,265113,
121.926,123.35,121.38,121.88,22312092.0,122.1357,2023-07-24 04:00:00,232765,
121.88,123.69,121.53,122.79,31820846.0,124.0628,2023-07-25 04:00:00,343143,
130.36,131.37,128.71,129.66,46216895.0,129.9937,2023-07-26 04:00:00,468415,
131.8,133.6,129.18,129.87,35931612.0,131.5584,2023-07-27 04:00:00,351280,
130.97,134.07,130.92,133.01,26971011.0,133.014,2023-07-28 04:00:00,259817,
133.01,133.83,132.13,133.11,18381891.0,132.9153,2023-07-31 04:00:00,197858,
130.855,132.92,130.75,131.89,22219012.0,131.8788,2023-08-01 04:00:00,237574,
129.84,130.42,127.85,128.64,22705778.0,128.9444,2023-08-02 04:00:00,241906,
128.37,129.77,127.775,128.77,15086132.0,128.8553,2023-08-03 04:00:00,174081,
129.6,131.93,128.315,128.54,20521852.0,129.7949,2023-08-04 04:00:00,245418,
129.51,132.06,129.43,131.94,17621041.0,131.1171,2023-08-07 04:00:00,202129,
130.98,131.94,130.13,131.84,16835952.0,131.3725,2023-08-08 04:00:00,186233,
132.19,132.47,129.505,130.15,17745218.0,130.8519,2023-08-09 04:00:00,186475,
131.97,132.647,130.035,130.21,17855681.0,131.0634,2023-08-10 04:00:00,204029,
129.202,130.44,128.75,130.17,15205465.0,129.7561,2023-08-11 04:00:00,183702,
129.85,131.91,129.59,131.83,17526195.0,131.3438,2023-08-14 04:00:00,168174,
131.59,131.99,129.819,130.27,14769173.0,130.7511,2023-08-15 04:00:00,175597,
129.28,130.8975,128.46,129.11,17548355.0,129.404,2023-08-16 04:00:00,210996,
130.45,132.4913,129.85,130.46,23665562.0,130.9301,2023-08-17 04:00:00,257932,
129.06,129.83,127.0,128.11,23627196.0,128.0749,2023-08-18 04:00:00,259950,
127.85,129.26,127.16,128.93,21851070.0,128.5364,2023-08-21 04:00:00,200445,
129.13,130.95,128.925,129.69,15569373.0,129.8682,2023-08-22 04:00:00,172795,
130.85,134.07,130.51,133.21,26497027.0,133.2082,2023-08-23 04:00:00,259717,
134.7272,134.97,130.3,130.42,18680381.0,131.8825,2023-08-24 04:00:00,206694,
130.14,131.4,128.04,130.69,20678096.0,129.9131,2023-08-25 04:00:00,232375,
132.08,133.24,130.85,131.79,16715467.0,131.765,2023-08-28 04:00:00,201956,
132.9981,137.295,132.98,135.49,30803265.0,135.2967,2023-08-29 04:00:00,306213,
135.57,137.25,135.021,136.93,21773356.0,136.457,2023-08-30 04:00:00,218608,
137.05,138.4,136.82,137.35,28147850.0,137.7219,2023-08-31 04:00:00,274470,
138.43,138.58,135.94,136.8,16671647.0,136.8128,2023-09-01 04:00:00,207752,
136.44,137.37,135.56,136.71,17730218.0,136.5011,2023-09-05 04:00:00,216597,
137.015,137.48,134.69,135.37,15814327.0,135.6799,2023-09-06 04:00:00,195632,
134.6,136.58,133.9601,136.2,16867956.0,135.7688,2023-09-07 04:00:00,207158,
135.87,137.515,135.87,137.2,17820005.0,136.9627,2023-09-08 04:00:00,207466,
137.38,138.2638,136.55,137.74,17145755.0,137.517,2023-09-11 04:00:00,188818,
137.13,137.64,135.93,136.07,15212934.0,136.5448,2023-09-12 04:00:00,192777,
135.9,137.7,134.93,137.5,16394915.0,136.6791,2023-09-13 04:00:00,210260,
138.39,139.55,137.06,138.99,19064607.0,138.723,2023-09-14 04:00:00,206522,
138.8,139.36,137.18,138.3,48958837.0,138.2444,2023-09-15 04:00:00,266140,
137.63,139.93,137.63,138.96,16233590.0,139.1326,2023-09-18 04:00:00,195812,
138.25,139.175,137.5,138.83,15484644.0,138.5037,2023-09-19 04:00:00,172974,
138.83,138.84,134.52,134.59,21473533.0,136.1771,2023-09-20 04:00:00,230482,
132.39,133.19,131.09,131.36,22058375.0,131.9425,2023-09-21 04:00:00,261970,
131.68,133.01,130.51,131.25,17355284.0,131.8237,2023-09-22 04:00:00,193334,
130.77,132.22,130.03,132.17,14650032.0,131.5913,2023-09-25 04:00:00,177785,
130.914,131.405,128.19,129.45,20374469.0,129.2317,2023-09-26 04:00:00,232737,
129.44,131.72,129.38,131.46,18764201.0,130.6948,2023-09-27 04:00:00,205892,
130.69,134.1799,130.69,133.13,18201389.0,132.7377,2023-09-28 04:00:00,213567,
134.08,134.89,131.32,131.85,23237336.0,132.5801,2023-09-29 04:00:00,231542,
132.155,135.36,132.065,135.17,19210394.0,134.3212,2023-10-02 04:00:00,231589,
134.93,135.24,132.815,133.3,19628736.0,133.5837,2023-10-03 04:00:00,226649,
133.66,136.57,133.43,136.27,22847987.0,135.5046,2023-10-04 04:00:00,259108,
136.13,136.5,134.455,135.99,15912704.0,135.753,2023-10-05 04:00:00,184536,
134.94,139.1857,134.94,138.73,20824883.0,137.9547,2023-10-06 04:00:00,233145,
137.99,139.97,136.7,139.5,16599099.0,138.858,2023-10-09 04:00:00,174651,
139.51,140.74,138.43,139.2,19554916.0,139.6351,2023-10-10 04:00:00,217095,
139.85,142.22,139.84,141.7,20146341.0,141.3665,2023-10-11 04:00:00,207111,
142.16,142.38,139.45,140.29,18173107.0,140.9779,2023-10-12 04:00:00,202907,
140.65,141.34,137.97,138.58,19447565.0,139.0809,2023-10-13 04:00:00,215716,
139.73,140.905,139.32,140.49,17345556.0,140.2975,2023-10-16 04:00:00,193266,
140.03,141.25,138.5287,140.99,17424024.0,140.4298,2023-10-17 04:00:00,198780,
140.75,141.99,138.705,139.28,18304869.0,140.3154,2023-10-18 04:00:00,217938,
139.8,141.005,138.6,138.98,21831181.0,139.6785,2023-10-19 04:00:00,268880,
138.59,139.04,136.245,136.74,24970263.0,137.2998,2023-10-20 04:00:00,247090,
136.23,139.02,135.11,137.9,20740665.0,137.7627,2023-10-23 04:00:00,230248,
139.16,140.7099,138.75,140.12,26315198.0,139.007,2023-10-24 04:00:00,304931,
129.77,130.1,126.09,126.67,58796067.0,127.5346,2023-10-25 04:00:00,717207,
124.47,125.46,122.32,123.44,33907363.0,123.6603,2023-10-26 04:00:00,376878,
124.03,124.44,121.46,123.4,37277673.0,123.0081,2023-10-27 04:00:00,351894,
124.46,126.55,123.88,125.75,24165658.0,125.6564,2023-10-30 04:00:00,263519,
126.27,126.56,123.925,125.3,21123418.0,125.0398,2023-10-31 04:00:00,234049,
125.34,127.74,124.925,127.57,26536604.0,126.7511,2023-11-01 04:00:00,268075,
129.56,130.09,128.11,128.58,24091672.0,128.7671,2023-11-02 04:00:00,235159,
129.09,130.73,129.01,130.37,19529448.0,130.1117,2023-11-03 04:00:00,218705,
130.22,131.56,129.93,131.45,15260362.0,130.9959,2023-11-06 05:00:00,165624,
131.98,133.28,131.14,132.4,19223786.0,132.4604,2023-11-07 05:00:00,190771,
132.36,133.54,132.16,133.26,15093598.0,132.908,2023-11-08 05:00:00,163963,
133.36,133.96,131.51,131.69,17776533.0,132.4159,2023-11-09 05:00:00,186512,
131.53,134.27,130.87,134.06,20879838.0,133.1589,2023-11-10 05:00:00,198944,
133.36,134.11,132.77,133.64,16409856.0,133.626,2023-11-13 05:00:00,159519,
135.65,137.24,135.1,135.43,22317345.0,135.9191,2023-11-14 05:00:00,238701,
136.64,136.84,135.33,136.38,15840883.0,136.106,2023-11-15 05:00:00,175172,
136.96,138.8799,136.08,138.7,17615068.0,138.1613,2023-11-16 05:00:00,204772,
137.82,138.0,135.48,136.94,25531191.0,136.6774,2023-11-17 05:00:00,276268,
135.5,138.425,135.49,137.92,19589006.0,137.5696,2023-11-20 05:00:00,212277,
137.94,138.965,137.705,138.62,17648067.0,138.3522,2023-11-21 05:00:00,180103,
139.1,141.1,139.0,140.02,17310209.0,140.0762,2023-11-22 05:00:00,189637,
139.54,139.677,137.47,138.22,8736640.0,138.2847,2023-11-24 05:00:00,98746,
137.57,139.63,137.54,138.05,17886389.0,138.2066,2023-11-27 05:00:00,188060,
137.63,138.66,137.04,138.62,16686868.0,138.1079,2023-11-28 05:00:00,162207,
138.985,139.67,136.295,136.4,21014715.0,137.1758,2023-11-29 05:00:00,215955,
136.4,136.96,132.79,133.92,29913531.0,133.982,2023-11-30 05:00:00,271027,
133.32,133.5,132.1517,133.32,24267987.0,132.9458,2023-12-01 05:00:00,247527,
131.294,131.45,129.4,130.63,24117083.0,130.2939,2023-12-04 05:00:00,265246,
130.37,133.54,129.73,132.39,19225545.0,132.1493,2023-12-05 05:00:00,226584,
132.9,133.31,131.31,131.43,16360648.0,132.0844,2023-12-06 05:00:00,184622,
136.6,140.0,136.23,138.45,38419426.0,138.4452,2023-12-07 05:00:00,371920,
135.66,137.99,135.57,136.64,23016139.0,136.6293,2023-12-08 05:00:00,250188,
133.82,134.79,132.89,134.7,24502860.0,134.1482,2023-12-11 05:00:00,249375,
133.27,134.54,132.83,133.64,26583981.0,133.6619,2023-12-12 05:00:00,243926,
134.545,134.78,132.95,133.97,25414461.0,133.8852,2023-12-13 05:00:00,240707,
134.77,135.035,131.06,133.2,29619098.0,132.827,2023-12-14 05:00:00,295848,
132.92,134.83,132.63,133.84,58494004.0,133.6031,2023-12-15 05:00:00,266224,
133.86,138.38,133.77,137.19,25699767.0,136.978,2023-12-18 05:00:00,252659,
138.0,138.77,137.45,138.1,20661000.0,138.0842,2023-12-19 05:00:00,187467,
140.33,143.0783,139.41,139.66,33507342.0,141.1351,2023-12-20 05:00:00,351635,
140.77,142.03,140.4725,141.8,18101476.0,141.3765,2023-12-21 05:00:00,207488,
142.13,143.25,142.055,142.72,18513524.0,142.6142,2023-12-22 05:00:00,200293,
142.98,143.945,142.5001,142.82,11170066.0,142.9456,2023-12-26 05:00:00,132402,
142.83,143.32,141.0512,141.44,17288358.0,141.5989,2023-12-27 05:00:00,175799,
141.85,142.27,140.8283,141.28,12192549.0,141.4119,2023-12-28 05:00:00,150356,
140.68,141.435,139.9,140.93,14880961.0,140.7782,2023-12-29 05:00:00,166373,
139.6,140.6147,137.74,139.56,20071885.0,139.1284,2024-01-02 05:00:00,228961,
138.6,141.09,138.43,140.36,18974308.0,140.139,2024-01-03 05:00:00,191844,
139.85,140.635,138.01,138.04,18253331.0,138.9222,2024-01-04 05:00:00,182258,
138.352,138.81,136.85,137.39,15439475.0,137.6653,2024-01-05 05:00:00,174619,
138.0,140.64,137.88,140.53,16545293.0,139.7572,2024-01-08 05:00:00,166650,
140.06,142.7998,139.79,142.56,19579667.0,141.9562,2024-01-09 05:00:00,215290,
142.52,144.525,142.46,143.8,16641881.0,143.6174,2024-01-10 05:00:00,191508,
144.895,146.66,142.215,143.67,17471130.0,143.8003,2024-01-11 05:00:00,221273,
144.34,144.74,143.36,144.24,13998729.0,144.2244,2024-01-12 05:00:00,153631,
143.43,145.84,143.0564,144.08,19188189.0,144.1233,2024-01-16 05:00:00,210681,
142.91,143.41,140.51,142.89,17884548.0,142.2109,2024-01-17 05:00:00,214181,
143.44,145.585,143.35,144.99,18876800.0,144.6894,2024-01-18 05:00:00,214251,
146.305,148.04,145.8,147.97,27181032.0,147.3655,2024-01-19 05:00:00,266925,
148.71,150.015,147.58,147.71,21779232.0,148.5338,2024-01-22 05:00:00,225144,
147.72,148.86,147.19,148.68,14113649.0,148.3144,2024-01-23 05:00:00,172869,
150.29,151.57,149.84,150.35,19245031.0,150.6715,2024-01-24 05:00:00,228019,
151.74,154.76,151.22,153.64,21495120.0,153.4168,2024-01-25 05:00:00,282971,
152.87,154.11,152.8,153.79,19494488.0,153.54,2024-01-26 05:00:00,224485,
153.64,155.2,152.92,154.84,20909258.0,154.1532,2024-01-29 05:00:00,248342,
154.01,155.04,152.775,153.05,26537134.0,152.8671,2024-01-30 05:00:00,344566,
145.39,145.59,141.55,141.8,43908584.0,143.2172,2024-01-31 05:00:00,592280,
143.69,144.62,142.26,142.71,25526855.0,143.1333,2024-02-01 05:00:00,329689,
140.89,143.88,138.17,143.54,42106127.0,141.6363,2024-02-02 05:00:00,528121,
144.04,146.67,143.91,144.93,29254444.0,145.215,2024-02-05 05:00:00,342883,
145.96,146.74,144.52,145.41,21517655.0,145.4096,2024-02-06 05:00:00,240631,
146.12,147.0,145.2103,146.68,21436126.0,146.397,2024-02-07 05:00:00,236932,
146.97,147.61,146.42,147.22,18241319.0,147.1074,2024-02-08 05:00:00,191624,
147.95,150.695,147.43,150.22,21877693.0,149.7306,2024-02-09 05:00:00,241601,
149.54,150.59,148.56,148.73,17236108.0,149.3934,2024-02-12 05:00:00,206614,
146.07,148.04,145.11,146.37,18138482.0,146.4141,2024-02-13 05:00:00,247195,
147.37,147.83,145.555,147.14,16651824.0,146.6373,2024-02-14 05:00:00,209145,
144.46,144.76,141.88,143.94,26724305.0,143.4425,2024-02-15 05:00:00,349244,
144.21,144.48,141.52,141.76,21865118.0,142.3707,2024-02-16 05:00:00,271617,
140.94,143.3285,140.8,142.2,18625589.0,142.1658,2024-02-20 05:00:00,235771,
142.64,143.98,141.91,143.84,16499584.0,143.2543,2024-02-21 05:00:00,220920,
146.12,146.2,144.01,145.32,23000707.0,145.1479,2024-02-22 05:00:00,249676,
144.97,145.955,144.79,145.29,14519434.0,145.3034,2024-02-23 05:00:00,189743,
143.45,143.84,138.74,138.75,33513011.0,140.2236,2024-02-26 05:00:00,402504,
139.41,140.49,138.5,140.1,22363981.0,139.5097,2024-02-27 05:00:00,273360,
139.1,139.28,136.64,137.43,30628702.0,137.4655,2024-02-28 05:00:00,334769,
138.35,139.95,137.57,139.78,35485006.0,139.0744,2024-02-29 05:00:00,287329,
139.61,140.0,137.975,138.08,28551525.0,138.7688,2024-03-01 05:00:00,314669,
136.54,136.63,132.86,134.2,43571510.0,134.0105,2024-03-04 05:00:00,495654,
132.74,134.02,131.55,133.78,28447550.0,133.0401,2024-03-05 05:00:00,343013,
134.24,134.74,131.95,132.56,23175200.0,132.7237,2024-03-06 05:00:00,302445,
133.89,135.82,132.66,135.24,24107282.0,134.7866,2024-03-07 05:00:00,279499,
135.035,138.985,134.8,136.29,26495160.0,137.1159,2024-03-08 05:00:00,333673,
137.07,139.98,137.07,138.94,22536365.0,138.9942,2024-03-11 04:00:00,299630,
138.25,140.28,138.21,139.62,19019696.0,139.611,2024-03-12 04:00:00,235625,
140.06,142.19,140.01,140.77,19636999.0,141.1197,2024-03-13 04:00:00,242700,
142.3,144.73,141.485,144.34,36117913.0,143.8083,2024-03-14 04:00:00,410370,
143.41,144.34,141.1301,142.17,41039494.0,142.2968,2024-03-15 04:00:00,300056,
149.37,152.93,148.14,148.48,47676689.0,150.2583,2024-03-18 04:00:00,638454,
148.98,149.62,147.01,147.92,17748367.0,147.7903,2024-03-19 04:00:00,218450,
148.79,149.76,147.665,149.68,17720246.0,148.9809,2024-03-20 04:00:00,248031,
150.32,151.305,148.0101,148.74,19843915.0,149.0813,2024-03-21 04:00:00,260573,
150.24,152.56,150.09,151.77,19252925.0,151.6865,2024-03-22 04:00:00,243267,
150.95,151.456,148.8,151.15,15114728.0,150.5671,2024-03-25 04:00:00,195747,
151.24,153.2,151.03,151.7,19312694.0,152.13,2024-03-26 04:00:00,211856,
152.145,152.69,150.13,151.94,16580364.0,151.3525,2024-03-27 04:00:00,222193,
152.0,152.67,151.33,152.26,21105628.0,152.1635,2024-03-28 04:00:00,206731,
151.83,157.0,151.65,156.5,24469815.0,155.7895,2024-04-01 04:00:00,301866,
154.75,155.99,153.46,155.87,17598064.0,155.1383,2024-04-02 04:00:00,229211,
154.92,156.55,154.1321,156.37,17266175.0,155.8758,2024-04-03 04:00:00,212996,
155.08,156.18,151.88,151.94,24184842.0,153.8969,2024-04-04 04:00:00,339217,
151.68,154.84,151.081,153.94,16297319.0,153.7686,2024-04-05 04:00:00,228132,
154.015,156.655,153.99,156.14,16641530.0,155.9755,2024-04-08 04:00:00,212811,
157.35,159.89,156.64,158.14,21538140.0,158.0945,2024-04-09 04:00:00,272532,
157.88,158.16,156.2,157.66,16336974.0,157.2433,2024-04-10 04:00:00,243773,
158.34,161.1199,157.93,160.79,17841703.0,159.8751,2024-04-11 04:00:00,243303,
159.405,161.7,158.6,159.19,16989765.0,159.6335,2024-04-12 04:00:00,228278,
160.28,160.83,156.15,156.33,21140948.0,158.3122,2024-04-15 04:00:00,286986,
155.64,157.23,155.05,156.0,15413201.0,156.1726,2024-04-16 04:00:00,225546,
157.19,158.681,156.135,156.88,16237752.0,157.2719,2024-04-17 04:00:00,233545,
156.925,158.485,156.21,157.46,14016065.0,157.5455,2024-04-18 04:00:00,221703,
157.75,157.99,153.91,155.72,21479881.0,155.7945,2024-04-19 04:00:00,266245,
156.01,159.185,155.66,157.95,17243870.0,157.6098,2024-04-22 04:00:00,228093,
158.59,160.48,157.965,159.92,16100408.0,159.7359,2024-04-23 04:00:00,209369,
159.09,161.39,158.82,161.1,19468194.0,160.1318,2024-04-24 04:00:00,271086,
153.36,158.28,152.768,157.95,36197789.0,160.1519,2024-04-25 04:00:00,512773,
175.99,176.42,171.4,173.69,56300787.0,173.7381,2024-04-26 04:00:00,658867,
170.77,171.38,167.06,167.9,35914561.0,169.1655,2024-04-29 04:00:00,427017,
167.38,169.87,164.5,164.64,29420755.0,166.5324,2024-04-30 04:00:00,311016,
166.18,168.81,164.9,165.57,25204245.0,166.666,2024-05-01 04:00:00,355991,
166.67,168.53,165.69,168.46,17041119.0,167.5097,2024-05-02 04:00:00,212692,
169.54,169.85,164.98,168.99,22767056.0,167.7015,2024-05-03 04:00:00,323177,
169.22,169.9,167.89,169.83,15147906.0,168.9687,2024-05-06 04:00:00,216521,
170.12,173.47,170.0,172.98,21102434.0,172.3749,2024-05-07 04:00:00,264466,
170.75,171.9092,170.522,171.16,14569858.0,171.3126,2024-05-08 04:00:00,166509,
171.15,172.44,169.93,171.58,11937704.0,170.9415,2024-05-09 04:00:00,171389,
169.69,171.34,167.91,170.29,18740458.0,169.8498,2024-05-10 04:00:00,263119,
165.847,170.95,165.76,170.9,19648585.0,168.5387,2024-05-13 04:00:00,269359,
171.59,172.78,170.42,171.93,18729463.0,171.6778,2024-05-14 04:00:00,229608,
172.3,174.0459,172.03,173.88,20958245.0,173.4346,2024-05-15 04:00:00,223635,
174.6,176.34,174.05,175.43,17247311.0,175.4309,2024-05-16 04:00:00,226159,
175.55,177.495,174.98,177.29,16546353.0,176.8975,2024-05-17 04:00:00,188342,
177.31,179.95,177.225,178.46,17495122.0,178.5407,2024-05-20 04:00:00,193443,
178.4,179.82,177.31,179.54,14706021.0,179.071,2024-05-21 04:00:00,159471,
178.4,178.852,176.7801,178.0,16189404.0,177.6124,2024-05-22 04:00:00,169057,
178.78,179.91,174.54,175.06,14928363.0,176.4908,2024-05-23 04:00:00,191884,
176.52,177.3044,175.2,176.33,11403560.0,176.5098,2024-05-24 04:00:00,148201,
175.74,178.51,175.68,178.02,15655340.0,177.5501,2024-05-28 04:00:00,184114,
176.81,178.23,176.26,177.4,15023847.0,177.5469,2024-05-29 04:00:00,164171,
176.69,176.69,173.23,173.56,18844036.0,174.3788,2024-05-30 04:00:00,218895,
173.4,174.42,170.97,173.96,28085151.0,173.3087,2024-05-31 04:00:00,250233,
173.88,175.86,172.45,174.42,20742798.0,173.9811,2024-06-03 04:00:00,249250,
174.45,175.19,173.22,175.13,14066602.0,174.5037,2024-06-04 04:00:00,161979,
176.535,177.97,175.29,177.07,15233861.0,176.6961,2024-06-05 04:00:00,206187,
177.43,178.71,177.21,178.35,14255818.0,178.0701,2024-06-06 04:00:00,195562,
178.46,179.42,175.79,175.95,14716270.0,177.4007,2024-06-07 04:00:00,217054,
176.45,178.47,174.38,176.63,17122247.0,175.9581,2024-06-10 04:00:00,244887,
177.72,178.39,175.44,178.19,14402401.0,177.3426,2024-06-11 04:00:00,182446,
179.75,182.08,177.78,179.56,18600421.0,179.4906,2024-06-12 04:00:00,241285,
177.84,178.51,176.66,176.74,15956941.0,177.3442,2024-06-13 04:00:00,178623,
175.852,178.73,175.852,178.37,12361571.0,178.0069,2024-06-14 04:00:00,146244,
176.98,179.92,176.49,178.78,15272864.0,178.2346,2024-06-17 04:00:00,186291,
178.79,178.91,175.62,176.45,15640257.0,176.7619,2024-06-18 04:00:00,216758,
176.71,178.74,176.46,177.71,16753166.0,177.4855,2024-06-20 04:00:00,204030,
178.49,182.5117,178.06,180.26,59728019.0,180.3509,2024-06-21 04:00:00,321390,
181.28,182.08,180.23,180.79,18198282.0,180.9668,2024-06-24 04:00:00,231156,
181.145,185.75,181.105,185.58,18917734.0,184.2021,2024-06-25 04:00:00,216817,
184.2,185.93,183.99,185.37,13375715.0,185.2563,2024-06-26 04:00:00,178681,
185.645,187.5,185.45,186.86,13025656.0,186.6436,2024-06-27 04:00:00,192618,
185.72,186.58,183.325,183.42,23032362.0,184.343,2024-06-28 04:00:00,217423,
184.48,185.34,182.73,184.49,11815862.0,184.0987,2024-07-01 04:00:00,173780,
183.47,186.95,183.06,186.61,12555545.0,185.803,2024-07-02 04:00:00,146381,
186.3,187.62,185.385,187.39,7409106.0,186.9202,2024-07-03 04:00:00,109331,
187.32,192.26,187.32,191.96,14303361.0,191.3264,2024-07-05 04:00:00,197375,
191.365,191.6791,189.32,190.48,12097611.0,190.4938,2024-07-08 04:00:00,179302,
191.75,192.86,190.23,190.44,10224925.0,191.1762,2024-07-09 04:00:00,159433,
190.75,193.31,190.62,192.66,12047799.0,192.2599,2024-07-10 04:00:00,157755,
191.34,192.41,186.82,187.3,16451981.0,188.5245,2024-07-11 04:00:00,240355,
186.92,188.69,186.14,186.78,14449113.0,187.2296,2024-07-12 04:00:00,209367,
186.49,189.9,186.49,188.19,12186015.0,188.3348,2024-07-15 04:00:00,167144,
188.96,190.34,185.12,185.5,12760102.0,186.5357,2024-07-16 04:00:00,185546,
184.68,185.23,181.62,182.62,17376563.0,182.802,2024-07-17 04:00:00,262688,
183.54,184.05,178.21,179.22,17850197.0,179.8916,2024-07-18 04:00:00,278038,
180.37,181.97,178.86,179.39,14485899.0,179.9958,2024-07-19 04:00:00,185773,
182.35,184.3,181.9,183.35,16303896.0,183.3674,2024-07-22 04:00:00,210321,
183.84,185.22,183.33,183.6,23770502.0,184.1495,2024-07-23 04:00:00,288306,
175.39,177.95,173.57,174.37,31250683.0,175.2159,2024-07-24 04:00:00,469377,
174.25,175.2,169.05,169.16,28967880.0,171.5446,2024-07-25 04:00:00,403324,
168.77,169.84,165.865,168.68,25150116.0,168.0357,2024-07-26 04:00:00,356460,
170.5,172.16,169.72,171.13,13764831.0,171.0447,2024-07-29 04:00:00,209123,
171.83,172.95,170.12,171.86,13648518.0,171.6253,2024-07-30 04:00:00,207783,
174.92,175.91,171.72,173.15,15650154.0,173.2503,2024-07-31 04:00:00,208393,
171.98,175.68,170.51,172.45,17177833.0,172.6412,2024-08-01 04:00:00,259802,
168.19,170.21,166.39,168.4,18907773.0,167.8894,2024-08-02 04:00:00,307734,
157.37,165.94,156.6,160.64,34904215.0,161.8667,2024-08-05 04:00:00,599904,
160.945,162.35,158.13,160.54,36146541.0,160.6664,2024-08-06 04:00:00,416153,
163.24,164.79,160.24,160.75,19334246.0,162.0086,2024-08-07 04:00:00,293495,
162.344,165.5,162.03,163.84,15363612.0,164.1066,2024-08-08 04:00:00,220953,
161.645,165.52,160.93,165.39,13549230.0,163.1421,2024-08-09 04:00:00,216231,
165.995,166.7,163.55,163.95,12434969.0,164.5854,2024-08-12 04:00:00,174875,
165.185,166.54,164.77,165.93,12717628.0,165.6101,2024-08-13 04:00:00,167219,
164.21,164.96,159.53,162.03,22515895.0,161.4074,2024-08-14 04:00:00,301626,
162.21,163.52,161.49,163.17,18392452.0,162.7247,2024-08-15 04:00:00,226900,
163.41,166.95,163.08,164.74,16849737.0,165.107,2024-08-16 04:00:00,216510,
167.0,168.47,166.09,168.4,13100762.0,167.5187,2024-08-19 04:00:00,175796,
168.74,170.41,168.66,168.96,12622523.0,169.377,2024-08-20 04:00:00,165900,
166.99,168.64,166.57,167.63,15269550.0,167.5914,2024-08-21 04:00:00,178078,
169.04,169.42,165.03,165.49,19123778.0,166.2777,2024-08-22 04:00:00,204744,
166.55,167.95,165.66,167.43,14281621.0,167.1164,2024-08-23 04:00:00,154796,
168.155,169.38,166.32,167.93,11990305.0,167.8372,2024-08-26 04:00:00,147708,
167.61,168.245,166.16,166.38,13718162.0,167.0577,2024-08-27 04:00:00,168173,
166.78,167.39,163.28,164.5,15208736.0,164.5988,2024-08-28 04:00:00,183451,
166.06,167.63,161.982,163.4,17086830.0,164.5913,2024-08-29 04:00:00,233988,
164.22,165.28,163.41,165.11,18498777.0,164.6268,2024-08-30 04:00:00,203645,
163.315,163.38,157.855,158.61,26533110.0,159.7921,2024-09-03 04:00:00,342672,
158.075,160.4,157.44,157.81,17410652.0,158.5047,2024-09-04 04:00:00,258440,
157.78,161.015,157.52,158.6,14139501.0,158.9531,2024-09-05 04:00:00,219794,
158.69,159.22,151.935,152.13,24997342.0,153.4084,2024-09-06 04:00:00,327382,
153.63,154.64,148.2,149.54,28035996.0,150.4032,2024-09-09 04:00:00,384440,
151.45,152.3,149.5427,150.01,20395524.0,150.537,2024-09-10 04:00:00,260307,
151.09,152.48,148.7,152.15,18991486.0,151.151,2024-09-11 04:00:00,259130,
154.81,155.61,153.5,155.54,21015312.0,154.9571,2024-09-12 04:00:00,282416,
156.362,159.275,156.11,158.37,16733908.0,158.046,2024-09-13 04:00:00,247483,
158.33,159.24,157.61,158.99,14157614.0,158.7919,2024-09-16 04:00:00,208649,
160.09,161.59,159.41,160.28,12064790.0,160.2781,2024-09-17 04:00:00,188006,
160.85,161.63,159.66,160.81,16756450.0,160.7255,2024-09-18 04:00:00,281304,
164.82,164.99,162.5216,163.24,17548190.0,163.6957,2024-09-19 04:00:00,222943,
164.52,164.75,163.18,164.64,46362673.0,164.431,2024-09-20 04:00:00,206277,
165.34,166.61,162.95,163.07,15648446.0,164.0868,2024-09-23 04:00:00,199394,
164.25,164.55,162.03,163.64,18546056.0,163.5991,2024-09-24 04:00:00,159576,
162.97,164.217,162.775,162.99,13607892.0,163.2384,2024-09-25 04:00:00,171678,
165.03,165.5,163.5,163.83,18234497.0,164.1604,2024-09-26 04:00:00,219657,
163.91,166.97,163.83,165.29,13604261.0,165.4934,2024-09-27 04:00:00,207605,
164.78,167.36,164.64,167.19,14083451.0,166.2657,2024-09-30 04:00:00,187826,
168.86,170.44,165.9,168.42,18629506.0,168.0798,2024-10-01 04:00:00,268616,
167.76,168.88,166.25,167.31,12744975.0,167.1377,2024-10-02 04:00:00,184891,
165.82,167.91,165.37,167.21,11004333.0,166.9647,2024-10-03 04:00:00,165784,
169.34,169.55,166.96,168.56,11435318.0,168.1376,2024-10-04 04:00:00,183968,
169.14,169.9,164.13,164.39,14034722.0,165.9366,2024-10-07 04:00:00,197526,
165.43,166.1,164.31,165.7,11723885.0,165.28,2024-10-08 04:00:00,174365,
164.855,166.26,161.12,163.06,19651411.0,162.8667,2024-10-09 04:00:00,303538,
162.11,164.3107,161.64,163.18,12892892.0,163.2665,2024-10-10 04:00:00,189627,
163.33,165.27,162.5,164.52,10945971.0,164.4378,2024-10-11 04:00:00,178371,
164.91,167.62,164.78,166.35,9981765.0,166.354,2024-10-14 04:00:00,158711,
167.14,169.09,166.05,166.9,14829338.0,167.1532,2024-10-15 04:00:00,217711,
166.03,167.28,165.216,166.74,9968474.0,166.3889,2024-10-16 04:00:00,159499,
167.38,167.93,164.37,164.51,15113356.0,165.325,2024-10-17 04:00:00,211526,
164.87,166.3699,164.75,165.05,13091267.0,165.2717,2024-10-18 04:00:00,151587,
164.58,166.22,164.305,165.8,11384047.0,165.5428,2024-10-21 04:00:00,153911,
164.7,167.47,164.67,166.82,11958617.0,166.5607,2024-10-22 04:00:00,148118,
166.43,167.6,163.6325,164.48,12754283.0,164.8573,2024-10-23 04:00:00,177401,
164.59,165.05,162.77,164.53,12764430.0,164.3165,2024-10-24 04:00:00,174450,
165.365,167.4,165.23,166.99,14566410.0,166.772,2024-10-25 04:00:00,178351,
170.59,170.606,165.79,168.34,20858254.0,168.5376,2024-10-28 04:00:00,282564,
169.385,171.86,168.66,171.14,28916106.0,172.3652,2024-10-29 04:00:00,402805,
182.41,183.79,175.7451,176.14,49698313.0,180.1395,2024-10-30 04:00:00,644883,
174.72,178.42,172.56,172.69,32801898.0,174.6586,2024-10-31 04:00:00,424625,
171.54,173.82,170.31,172.65,21752859.0,172.689,2024-11-01 04:00:00,273120,
171.24,171.92,169.485,170.68,16193994.0,170.6954,2024-11-04 05:00:00,209361,
170.83,172.0973,170.37,171.41,12518282.0,171.3328,2024-11-05 05:00:00,166209,
175.35,178.64,175.04,178.33,27061510.0,177.467,2024-11-06 05:00:00,341546,
179.11,182.58,178.89,182.28,16730407.0,181.1792,2024-11-07 05:00:00,249075,
182.0,182.35,179.57,179.86,15021549.0,180.3329,2024-11-08 05:00:00,204071,
180.07,182.085,179.99,181.97,12503422.0,181.4555,2024-11-11 05:00:00,167467,
181.38,184.025,180.99,183.32,14065845.0,182.7209,2024-11-12 05:00:00,205257,
182.15,182.615,180.12,180.49,13969709.0,180.9308,2024-11-13 05:00:00,208820,
179.75,180.445,176.03,177.35,17925763.0,177.4428,2024-11-14 05:00:00,239083,
175.64,175.88,172.745,173.89,21708870.0,174.0273,2024-11-15 05:00:00,262323,
174.955,176.91,174.42,176.8,18725422.0,176.266,2024-11-18 05:00:00,184277,
175.235,180.17,175.116,179.58,15392866.0,178.6248,2024-11-19 05:00:00,195944,
178.83,179.11,175.33,177.33,15729806.0,176.9258,2024-11-20 05:00:00,191121,
175.455,175.58,165.31,169.24,38839431.0,168.3018,2024-11-21 05:00:00,531715,
167.16,168.2645,165.71,166.57,24497042.0,166.8541,2024-11-22 05:00:00,321787,
167.99,170.46,167.4,169.43,21395652.0,169.2828,2024-11-25 05:00:00,244397,
169.49,171.495,169.43,170.62,14937478.0,170.605,2024-11-26 05:00:00,193122,
170.68,171.14,169.67,170.82,12433371.0,170.721,2024-11-27 05:00:00,151438,
170.06,170.87,168.75,170.49,9250712.0,170.2813,2024-11-29 05:00:00,106115,
170.32,173.6,170.27,172.98,16593444.0,172.7523,2024-12-02 05:00:00,187930,
173.12,174.32,172.51,173.02,15721483.0,173.0607,2024-12-03 05:00:00,160657,
172.78,176.43,172.75,176.09,18239842.0,175.609,2024-12-04 05:00:00,180310,
177.32,177.71,174.01,174.31,16145520.0,175.0246,2024-12-05 05:00:00,187434,
173.88,176.8389,173.55,176.49,13319549.0,176.1021,2024-12-06 05:00:00,170429,
175.715,178.04,175.4,177.1,19887786.0,177.0243,2024-12-09 05:00:00,229218,
184.535,188.03,182.67,186.53,34317438.0,185.4705,2024-12-10 05:00:00,474989,
186.7,196.89,186.26,196.71,41664489.0,194.1562,2024-12-11 05:00:00,524587,
196.3,196.7053,193.28,193.63,25197757.0,195.0299,2024-12-12 05:00:00,328008,
192.71,194.34,191.26,191.38,18883217.0,192.436,2024-12-13 05:00:00,253180,
194.365,200.64,194.11,198.16,32248640.0,198.0721,2024-12-16 05:00:00,356155,
198.53,202.88,196.69,197.12,24099481.0,198.5459,2024-12-17 05:00:00,328307,
196.83,198.6899,189.28,190.15,27638416.0,193.0666,2024-12-18 05:00:00,306245,
193.28,194.6,189.52,189.7,26981196.0,191.1591,2024-12-19 05:00:00,304784,
187.01,194.1354,186.37,192.96,45319703.0,191.8106,2024-12-20 05:00:00,292174,
194.03,196.49,191.63,195.99,15235942.0,194.9029,2024-12-23 05:00:00,205122,
196.17,197.67,195.1979,197.57,6809823.0,196.9554,2024-12-24 05:00:00,95058,
196.74,198.16,195.87,197.1,7918434.0,197.2825,2024-12-26 05:00:00,118569,
196.47,196.8,191.972,194.04,14692994.0,193.7382,2024-12-27 05:00:00,196859,
190.865,193.78,190.36,192.69,12209534.0,192.5354,2024-12-30 05:00:00,183543,
192.445,193.25,189.58,190.44,14355221.0,191.1776,2024-12-31 05:00:00,193679,
191.485,193.2,188.71,190.63,17494462.0,190.6861,2025-01-02 05:00:00,257495,
192.725,194.5,191.35,193.13,12874957.0,193.0296,2025-01-03 05:00:00,167259,
195.15,199.56,195.06,197.96,19483323.0,197.9106,2025-01-06 05:00:00,220943,
198.27,202.14,195.94,196.71,16966760.0,198.0718,2025-01-07 05:00:00,217018,
193.95,197.64,193.75,195.39,14335341.0,195.7158,2025-01-08 05:00:00,196308,
195.42,197.62,191.6,193.17,20753778.0,193.7755,2025-01-10 05:00:00,236744,
191.35,192.49,188.66,192.29,13169060.0,191.239,2025-01-13 05:00:00,195557,
192.5,193.27,189.64,191.05,13651183.0,191.3232,2025-01-14 05:00:00,160037,
194.35,197.8,193.33,196.98,12894875.0,196.1905,2025-01-15 05:00:00,180823,
195.825,196.9799,194.3,194.41,13449581.0,195.2996,2025-01-16 05:00:00,181909,
198.05,198.81,195.31,197.55,22109129.0,197.4741,2025-01-17 05:00:00,175468,
200.51,203.84,199.44,199.63,19005232.0,200.3859,2025-01-21 05:00:00,220698,
200.55,202.12,199.2,200.03,15477376.0,200.522,2025-01-22 05:00:00,197583,
199.98,201.94,196.82,199.58,15170838.0,199.7433,2025-01-23 05:00:00,211464,
199.85,202.57,199.7842,201.9,12732376.0,201.4108,2025-01-24 05:00:00,181288,
194.19,198.67,192.7,193.77,24970173.0,194.9441,2025-01-27 05:00:00,379986,
194.65,197.23,192.61,197.07,15939161.0,196.17,2025-01-28 05:00:00,220597,
197.37,198.4595,195.19,197.18,12282999.0,196.9201,2025-01-29 05:00:00,186784,
199.76,203.2384,199.4717,202.63,14571479.0,201.8869,2025-01-30 05:00:00,208136,
203.715,207.08,203.58,205.6,17087335.0,205.8043,2025-01-31 05:00:00,248047,
202.215,205.22,201.66,202.64,16719469.0,203.3108,2025-02-03 05:00:00,272134,
204.5,208.7,204.26,207.71,28282736.0,204.1324,2025-02-04 05:00:00,401232,
193.1,194.5499,189.91,193.3,43719589.0,192.094,2025-02-05 05:00:00,678355,
190.99,193.83,190.49,193.31,20816593.0,192.4781,2025-02-06 05:00:00,291111,
192.74,193.015,185.1,187.14,29565724.0,188.0232,2025-02-07 05:00:00,438661,
189.06,189.99,187.61,188.2,16606020.0,188.5337,2025-02-10 05:00:00,228928,
186.835,188.8,186.08,187.07,13028100.0,187.079,2025-02-11 05:00:00,190996,
185.23,186.83,183.63,185.43,17632314.0,185.381,2025-02-12 05:00:00,209210,
185.93,187.99,184.88,187.88,12729334.0,186.5203,2025-02-13 05:00:00,188801,
186.83,188.15,186.11,186.87,12714154.0,186.9918,2025-02-14 05:00:00,178362,
187.44,187.78,183.58,185.8,19796028.0,185.6568,2025-02-18 05:00:00,299839,
186.185,187.36,185.5,187.13,13120465.0,186.6694,2025-02-19 05:00:00,174337,
186.5,187.12,184.6,186.64,12063807.0,186.1533,2025-02-20 05:00:00,189798,
187.29,187.47,181.13,181.58,19520782.0,183.2177,2025-02-21 05:00:00,334661,
183.8,185.09,180.88,181.19,18734014.0,182.2848,2025-02-24 05:00:00,253615,
180.155,180.76,176.77,177.37,20832485.0,178.2099,2025-02-25 05:00:00,337126,
176.945,178.08,173.59,174.7,23687651.0,175.6678,2025-02-26 05:00:00,341154,
175.94,176.59,169.752,170.21,25930530.0,171.8479,2025-02-27 05:00:00,362970,
170.3,172.5,168.39,172.22,30049812.0,170.8436,2025-02-28 05:00:00,374343,
173.73,175.0,167.64,168.66,24121991.0,170.4057,2025-03-03 05:00:00,325142,
167.94,175.165,167.54,172.61,30711408.0,171.2441,2025-03-04 05:00:00,456240,
172.32,175.75,170.93,174.99,18748036.0,173.6926,2025-03-05 05:00:00,284020,
172.55,176.73,172.508,174.21,19082404.0,174.4859,2025-03-06 05:00:00,274546,
173.242,176.9,172.25,175.75,16195287.0,174.7569,2025-03-07 05:00:00,259337,
170.16,170.45,165.565,167.81,28990724.0,167.6861,2025-03-10 04:00:00,457074,
166.68,168.655,163.24,165.98,23705899.0,166.2493,2025-03-11 04:00:00,367939,
168.47,169.53,165.48,169.0,19880062.0,168.1624,2025-03-12 04:00:00,269746,
167.98,168.12,164.07,164.73,15206165.0,165.4296,2025-03-13 04:00:00,254033,
165.315,168.25,164.51,167.62,18611094.0,166.7561,2025-03-14 04:00:00,259951,
167.325,168.46,165.81,166.57,17839139.0,166.9137,2025-03-17 04:00:00,224126,
165.96,166.44,158.8,162.67,24616784.0,161.8211,2025-03-18 04:00:00,360427,
163.915,168.1334,163.05,166.28,24922917.0,165.8586,2025-03-19 04:00:00,284136,
163.825,167.03,163.14,165.05,19981512.0,165.1925,2025-03-20 04:00:00,270214,
163.38,166.47,163.03,166.25,29841314.0,165.2964,2025-03-21 04:00:00,205429,
169.265,170.5,167.44,169.93,18742848.0,169.6109,2025-03-24 04:00:00,211949,
171.18,172.91,170.55,172.79,13841592.0,172.1811,2025-03-25 04:00:00,171969,
171.3,171.9396,166.8606,167.14,22554236.0,168.6863,2025-03-26 04:00:00,303905,
166.71,167.44,163.85,164.08,21571174.0,165.2406,2025-03-27 04:00:00,310357,
162.36,163.81,155.3394,156.06,34844462.0,157.9854,2025-03-28 04:00:00,515383,
154.81,157.13,152.21,156.23,33591554.0,155.1818,2025-03-31 04:00:00,423266,
155.3,160.08,155.255,158.88,20108776.0,158.351,2025-04-01 04:00:00,322501,
156.96,160.275,156.53,158.86,17113321.0,158.4484,2025-04-02 04:00:00,261834,
152.835,154.6872,152.18,152.63,28416065.0,153.284,2025-04-03 04:00:00,446455,
149.9,153.09,147.54,147.74,39832207.0,149.6992,2025-04-04 04:00:00,625815,
143.39,154.93,142.66,149.24,47823024.0,148.1375,2025-04-07 04:00:00,751118,
153.575,154.44,145.21,146.58,35304338.0,149.7416,2025-04-08 04:00:00,591097,
146.33,161.87,145.81,161.06,46479542.0,155.0961,2025-04-09 04:00:00,732845,
158.76,160.03,152.2,155.37,35270540.0,155.9746,2025-04-10 04:00:00,632822,
155.585,159.86,155.585,159.4,22581989.0,158.4399,2025-04-11 04:00:00,389456,
162.31,164.03,159.92,161.47,18251181.0,161.9437,2025-04-14 04:00:00,288546,
161.57,162.05,157.645,158.68,15690783.0,159.2157,2025-04-15 04:00:00,233863,
155.47,158.18,153.91,155.5,16921497.0,155.8407,2025-04-16 04:00:00,262106,
156.61,157.07,150.9,153.36,19513408.0,153.7832,2025-04-17 04:00:00,300726,
